,City,Country,Date,Latitude,Longitude,Cloudiness (%),Humidity (%),Max Temp (F),Wind Speed (mph)
0,ucluelet,CA,2021-05-25 18:43:07,48.9329,-125.5528,84,81,69.31400000000004,1.34
1,pevek,RU,2021-05-25 18:44:23,69.7008,170.3133,99,86,32.75600000000003,0.82
2,new norfolk,AU,2021-05-25 18:44:23,-42.7826,147.0587,68,74,51.15199999999997,0.89
3,busselton,AU,2021-05-25 18:44:23,-33.65,115.3333,100,78,44.36600000000001,4.37
4,tuatapere,NZ,2021-05-25 18:44:23,-46.1333,167.6833,76,58,46.11199999999995,1.82
5,schattdorf,CH,2021-05-25 18:44:24,46.8655,8.6547,59,88,49.55,3.03
6,mataura,NZ,2021-05-25 18:44:24,-46.1927,168.8643,92,52,43.32200000000004,1.22
7,rikitea,PF,2021-05-25 18:42:44,-23.1203,-134.9692,62,79,77.46799999999999,6.14
8,barrow,US,2021-05-25 18:44:24,71.2906,-156.7887,90,86,26.888000000000044,3.09
9,mys shmidta,,,,,,,,
10,tumannyy,,,,,,,,
11,aizawl,IN,2021-05-25 18:44:25,23.7333,92.7167,92,99,65.87599999999999,0.53
12,bredasdorp,ZA,2021-05-25 18:44:25,-34.5322,20.0403,88,76,53.185999999999964,2.45
13,hobart,AU,2021-05-25 18:42:41,-42.8794,147.3294,68,80,51.49399999999997,0.89
14,erzin,TR,2021-05-25 18:44:26,36.9559,36.2,0,68,72.59000000000003,1.06
15,nome,US,2021-05-25 18:44:26,64.5011,-165.4064,1,24,70.142,5.14
16,iberia,US,2021-05-25 18:44:26,29.9502,-91.7507,20,69,84.326,4.99
17,remanso,BR,2021-05-25 18:44:27,-9.6179,-42.0831,1,44,78.38599999999997,2.21
18,susehri,TR,2021-05-25 18:44:27,40.1644,38.0867,0,57,49.60399999999996,1.11
19,changtu,CN,2021-05-25 18:44:27,42.7788,124.0955,100,43,61.95199999999998,6.53
20,tasiilaq,GL,2021-05-25 18:44:27,65.6145,-37.6368,100,90,37.832000000000015,19.73
21,itarema,BR,2021-05-25 18:44:28,-2.9248,-39.9167,35,76,79.08800000000005,5.5
22,provideniya,RU,2021-05-25 18:44:28,64.3833,-173.3,0,57,46.77799999999996,7
23,torbay,CA,2021-05-25 18:44:28,47.6666,-52.7314,90,69,48.84800000000003,12.35
24,zaozerne,UA,2021-05-25 18:44:29,45.1582,33.2787,9,87,56.20999999999998,1.2
25,senneterre,CA,2021-05-25 18:43:08,48.3835,-77.2328,98,88,68.48599999999996,3.53
26,port elizabeth,ZA,2021-05-25 18:41:09,-33.918,25.5701,0,88,61.358000000000004,5.14
27,belaya gora,RU,2021-05-25 18:44:29,68.5333,146.4167,59,48,52.05199999999998,6.22
28,atuona,PF,2021-05-25 18:44:29,-9.8,-139.0333,25,62,80.27599999999998,6.14
29,victoria,HK,2021-05-25 18:41:22,22.2855,114.1577,78,89,85.58599999999997,0.45
30,barentsburg,,,,,,,,
31,mrirt,,,,,,,,
32,rocha,UY,2021-05-25 18:44:30,-34.4833,-54.3333,0,73,47.96600000000001,2.93
33,vila do maio,CV,2021-05-25 18:44:30,15.1333,-23.2167,0,80,74.46199999999996,7.07
34,lyss,CH,2021-05-25 18:44:31,47.0741,7.3066,65,76,51.727999999999966,1.64
35,bonavista,CA,2021-05-25 18:44:31,48.6499,-53.1147,85,76,50.26999999999996,10.76
36,cidreira,BR,2021-05-25 18:44:31,-30.1811,-50.2056,0,68,57.667999999999985,4.36
37,port alfred,ZA,2021-05-25 18:44:26,-33.5906,26.891,71,88,64.54399999999998,6.08
38,bluff,NZ,2021-05-25 18:44:32,-46.6,168.3333,70,57,43.17799999999996,2.8
39,nikolskoye,RU,2021-05-25 18:44:32,59.7035,30.7861,99,83,48.36199999999995,2.39
40,grand centre,,,,,,,,
41,butaritari,KI,2021-05-25 18:44:32,3.0707,172.7902,100,80,82.09399999999997,8.61
42,chokurdakh,RU,2021-05-25 18:44:33,70.6333,147.9167,60,75,36.733999999999995,4.15
43,albany,US,2021-05-25 18:40:59,42.6001,-73.9662,99,60,79.44800000000004,2.6
44,mar del plata,AR,2021-05-25 18:41:27,-38.0023,-57.5575,0,61,52.358000000000004,4.47
45,margate,GB,2021-05-25 18:44:33,51.3813,1.3862,70,73,51.188000000000045,0.89
46,alofi,NU,2021-05-25 18:44:33,-19.0595,-169.9187,90,94,75.36199999999997,7.2
47,sao joao da barra,BR,2021-05-25 18:43:58,-21.6403,-41.0511,59,71,69.22400000000002,3.68
48,hermanus,ZA,2021-05-25 18:43:01,-34.4187,19.2345,51,74,58.17200000000004,3.27
49,kodiak,US,2021-05-25 18:44:34,57.79,-152.4072,1,50,55.184,3.09
50,petropavlovsk-kamchatskiy,RU,2021-05-25 18:44:34,53.0452,158.6483,97,61,43.66400000000003,4.36
51,severo-kurilsk,RU,2021-05-25 18:44:34,50.6789,156.125,100,97,37.92200000000004,6.85
52,cabedelo,BR,2021-05-25 18:44:35,-6.9811,-34.8339,26,85,77.93599999999998,4.67
53,ushuaia,AR,2021-05-25 18:44:35,-54.8,-68.3,75,86,31.92799999999996,8.23
54,iranshahr,IR,2021-05-25 18:44:35,27.2025,60.6848,5,22,88.826,3.01
55,nanortalik,GL,2021-05-25 18:44:36,60.1432,-45.2371,49,72,34.7,4.75
56,illoqqortoormiut,,,,,,,,
57,lata,PT,2021-05-25 18:44:36,40.1629,-8.3327,100,81,61.98800000000004,0.83
58,shenjiamen,CN,2021-05-25 18:44:36,29.9576,122.298,100,85,68.54000000000002,7.01
59,puerto escondido,MX,2021-05-25 18:42:34,15.85,-97.0667,100,63,87.63800000000005,2.35
60,vaini,TO,2021-05-25 18:44:37,-21.2,-175.2,90,94,70.23200000000003,2.06
61,klaebu,NO,2021-05-25 18:44:37,63.2976,10.4826,72,63,55.92200000000004,2.29
62,puerto ayora,EC,2021-05-25 18:44:23,-0.7393,-90.3518,34,87,84.434,2.68
63,avarua,CK,2021-05-25 18:44:37,-21.2078,-159.775,40,83,82.72400000000002,3.6
64,clarence town,AU,2021-05-25 18:44:38,-32.5833,151.7833,81,64,64.83200000000002,1.96
65,saskylakh,RU,2021-05-25 18:44:38,71.9167,114.0833,98,61,48.434,2.17
66,cabo san lucas,MX,2021-05-25 18:44:38,22.8909,-109.9124,20,35,96.78200000000002,2.57
67,ballina,AU,2021-05-25 18:44:39,-28.8667,153.5667,4,99,59.05399999999995,0
68,krasnyy chikoy,RU,2021-05-25 18:44:39,50.3643,108.7512,100,96,42.601999999999975,2.39
69,rawson,AR,2021-05-25 18:44:39,-43.3002,-65.1023,74,41,48.72200000000004,1.81
70,chuy,UY,2021-05-25 18:44:30,-33.6971,-53.4616,1,81,51.63800000000005,3.24
71,jamestown,US,2021-05-25 18:42:31,42.097,-79.2353,20,47,83.78599999999997,6.17
72,vestmanna,FO,2021-05-25 18:44:40,62.1564,-7.1664,75,87,47.588000000000044,4.67
73,rungata,,,,,,,,
74,santa cruz,BO,2021-05-25 18:40:36,-17.8,-63.1667,40,60,73.72400000000002,3.6
75,kavaratti,IN,2021-05-25 18:44:40,10.5669,72.642,100,75,83.51600000000002,7.1
76,hilo,US,2021-05-25 18:44:40,19.7297,-155.09,90,80,80.6,6.17
77,bilma,NE,2021-05-25 18:44:41,18.6853,12.9164,0,7,87.674,2.41
78,taolanaro,,,,,,,,
79,tuktoyaktuk,CA,2021-05-25 18:44:41,69.4541,-133.0374,90,80,30.46999999999996,4.12
80,lagoa,PT,2021-05-25 18:44:41,39.05,-27.9833,100,88,63.68000000000004,8.82
81,punta arenas,CL,2021-05-25 18:42:43,-53.15,-70.9167,20,80,35.977999999999966,5.87
82,yar-sale,RU,2021-05-25 18:44:42,66.8333,70.8333,100,90,33.65600000000003,3.59
83,arraial do cabo,BR,2021-05-25 18:42:17,-22.9661,-42.0278,70,60,69.90800000000002,2.91
84,requena,ES,2021-05-25 18:44:42,39.4883,-1.1004,40,95,57.398000000000025,2.47
85,qaanaaq,GL,2021-05-25 18:44:28,77.484,-69.3632,8,77,32.917999999999985,2.36
86,kisangani,CD,2021-05-25 18:44:43,0.5167,25.2,85,88,72.03200000000001,1.22
87,aguada de pasajeros,CU,2021-05-25 18:44:43,22.385,-80.8508,36,55,90.01400000000004,5.34
88,srivardhan,IN,2021-05-25 18:44:43,18.0333,73.0167,100,75,83.10199999999998,3.29
89,tanete,ID,2021-05-25 18:44:44,-3.9443,119.7848,100,90,76.92799999999997,2.61
90,torrington,US,2021-05-25 18:44:44,41.8007,-73.1212,77,64,76.78399999999999,0.89
91,fairbanks,US,2021-05-25 18:42:25,64.8378,-147.7164,75,33,68.35999999999999,6.69
92,bambous virieux,MU,2021-05-25 18:44:44,-20.3428,57.7575,20,88,72.12200000000004,4.15
93,east london,ZA,2021-05-25 18:44:45,-33.0153,27.9116,61,87,65.13800000000005,4.8
94,todos santos,MX,2021-05-25 18:44:45,23.45,-110.2167,36,68,96.27799999999996,2.7
95,sur,OM,2021-05-25 18:44:36,22.5667,59.5289,0,41,91.54399999999998,5.03
96,baykit,RU,2021-05-25 18:44:45,61.67,96.37,100,75,30.901999999999976,4.35
97,kruisfontein,ZA,2021-05-25 18:44:28,-34.0033,24.7314,77,94,56.156000000000034,2.64
98,bodden town,KY,2021-05-25 18:44:46,19.2833,-81.25,40,57,86.26999999999995,1.34
99,saraland,US,2021-05-25 18:44:46,30.8207,-88.0706,33,57,87.40399999999995,3.61
100,karauzyak,,,,,,,,
101,loukhi,RU,2021-05-25 18:44:46,66.0764,33.0381,10,85,33.56600000000001,0.53
102,winnemucca,US,2021-05-25 18:43:09,40.973,-117.7357,20,14,75.52400000000002,9.16
103,laguna,US,2021-05-25 18:44:47,38.421,-121.4238,1,27,88.17799999999997,1.79
104,airai,TL,2021-05-25 18:44:47,-8.9266,125.4092,24,83,61.898000000000025,1.84
105,saldanha,ZA,2021-05-25 18:44:47,-33.0117,17.9442,9,81,50.32400000000001,1.6
106,dikson,RU,2021-05-25 18:44:48,73.5069,80.5464,78,95,20.498000000000026,3.05
107,umred,IN,2021-05-25 18:44:48,20.85,79.3333,93,18,79.358,2.99
108,salalah,OM,2021-05-25 18:44:48,17.0151,54.0924,20,78,82.75999999999999,2.06
109,corowa,AU,2021-05-25 18:44:48,-36.0333,146.3833,72,91,52.39399999999998,3.8
110,bocaranga,,,,,,,,
111,mount isa,AU,2021-05-25 18:42:06,-20.7333,139.5,83,52,68.03599999999997,5.66
112,burns lake,CA,2021-05-25 18:44:49,54.2331,-125.7533,100,40,53.29399999999997,3.22
113,ahipara,NZ,2021-05-25 18:44:49,-35.1667,173.1667,35,63,59.684,4.64
114,upernavik,GL,2021-05-25 18:44:50,72.7868,-56.1549,95,83,36.35600000000003,2.32
115,pisco,PE,2021-05-25 18:44:50,-13.7,-76.2167,75,88,66.52400000000002,3.09
116,poum,NC,2021-05-25 18:44:50,-20.2333,164.0167,94,56,74.40800000000002,6.31
117,narsaq,GL,2021-05-25 18:44:50,60.9167,-46.05,56,69,41.48599999999997,2.03
118,hendijan,,,,,,,,
119,champerico,GT,2021-05-25 18:44:51,14.3,-91.9167,97,66,84.61400000000003,3.68
120,havre-saint-pierre,CA,2021-05-25 18:44:07,50.2334,-63.5986,90,93,47.26400000000003,3.6
121,matara,LK,2021-05-25 18:44:51,5.9485,80.5353,98,85,79.64600000000004,7.63
122,hatillo,PR,2021-05-25 18:44:52,18.4863,-66.8254,60,78,83.28200000000001,8.28
123,ulladulla,AU,2021-05-25 18:44:52,-35.35,150.4667,4,56,62.150000000000006,4.59
124,sovetskiy,RU,2021-05-25 18:44:52,61.3614,63.5842,100,68,54.48200000000001,1.44
125,esperance,AU,2021-05-25 18:44:53,-33.8667,121.9,38,82,50.108000000000004,4.39
126,bandarbeyla,SO,2021-05-25 18:44:53,9.4942,50.8122,25,83,79.01600000000002,10.44
127,geraldton,AU,2021-05-25 18:44:53,-28.7667,114.6,75,76,51.403999999999954,6.84
128,nizhneyansk,,,,,,,,
129,mahebourg,MU,2021-05-25 18:44:36,-20.4081,57.7,20,88,72.15800000000002,1.03
130,cape town,ZA,2021-05-25 18:35:27,-33.9258,18.4232,0,82,58.38800000000005,0.89
131,la ronge,CA,2021-05-25 18:44:54,55.1001,-105.2842,20,45,45.08599999999997,6.69
132,sentyabrskiy,,,,,,,,
133,kapaa,US,2021-05-25 18:44:54,22.0752,-159.319,1,69,84.45199999999997,0.89
134,oga,IT,2021-05-25 18:44:54,46.4631,10.347,39,74,41.95399999999995,0.76
135,kaitangata,NZ,2021-05-25 18:44:55,-46.2817,169.8464,100,50,43.91600000000001,1.38
136,manakara,MG,2021-05-25 18:44:55,-22.1333,48.0167,22,93,64.92200000000004,1.74
137,deh rawud,,,,,,,,
138,boca do acre,BR,2021-05-25 18:44:56,-8.7522,-67.3978,75,76,79.37599999999999,0.85
139,gueret,FR,2021-05-25 18:44:56,46.1667,1.8667,27,96,45.5,2.64
140,cherskiy,RU,2021-05-25 18:44:56,68.75,161.3,100,33,58.693999999999974,4.38
141,ontario,US,2021-05-25 18:40:32,34.0633,-117.6509,75,26,95.71999999999997,2.68
142,ijaki,,,,,,,,
143,kalmunai,LK,2021-05-25 18:44:45,7.4167,81.8167,99,75,78.99800000000002,1.65
144,mihijam,IN,2021-05-25 18:44:57,23.8526,86.8788,100,84,78.476,9.6
145,tiksi,RU,2021-05-25 18:44:57,71.6872,128.8694,26,86,34.627999999999965,0.4
146,egvekinot,RU,2021-05-25 18:44:57,66.3167,-179.1667,99,79,37.79600000000005,5
147,northam,GB,2021-05-25 18:44:58,51.0333,-4.2167,54,95,47.87599999999999,3.69
148,ribeira grande,PT,2021-05-25 18:44:58,38.5167,-28.7,100,92,64.77799999999996,7.87
149,leningradskiy,RU,2021-05-25 18:44:58,69.3833,178.4167,82,89,35.096000000000046,4.47
150,quatre cocos,MU,2021-05-25 18:44:58,-20.2078,57.7625,19,76,71.97799999999997,4.08
151,iskateley,RU,2021-05-25 18:44:59,67.6803,53.1512,76,78,30.793999999999972,3.92
152,neiafu,TO,2021-05-25 18:44:59,-18.65,-173.9833,75,100,70.75399999999996,1.03
153,sokoni,TZ,2021-05-25 18:44:59,-6.4333,39.55,99,70,79.60999999999999,8.34
154,bar harbor,US,2021-05-25 18:45:00,44.3876,-68.2039,20,72,65.15600000000003,11.18
155,attawapiskat,,,,,,,,
156,monrovia,LR,2021-05-25 18:42:09,6.3005,-10.7969,100,81,73.43599999999998,2.92
157,ierapetra,GR,2021-05-25 18:45:00,35.01,25.7353,0,50,73.70600000000003,2.91
158,fortuna,US,2021-05-25 18:45:01,40.5982,-124.1573,90,68,70.75399999999996,4.47
159,los llanos de aridane,ES,2021-05-25 18:45:01,28.6585,-17.9182,40,71,64.41799999999998,8.07
160,touros,BR,2021-05-25 18:45:01,-5.1989,-35.4608,64,81,79.96999999999997,5.46
161,killybegs,IE,2021-05-25 18:45:04,54.6333,-8.45,12,84,45.932000000000016,3.87
162,aksu,CN,2021-05-25 18:45:04,41.1231,80.2644,100,15,70.03399999999999,1.74
163,longyearbyen,SJ,2021-05-25 18:42:59,78.2186,15.6401,75,74,30.308000000000003,5.66
164,hithadhoo,MV,2021-05-25 18:45:04,-0.6,73.0833,100,66,84.36199999999997,8.9
165,porto velho,BR,2021-05-25 18:44:08,-8.7619,-63.9039,75,94,75.52400000000002,0.51
166,karratha,AU,2021-05-25 18:45:05,-20.7377,116.8463,0,63,66.39800000000002,7.67
167,carnarvon,AU,2021-05-25 18:44:31,-24.8667,113.6333,92,81,48.542,4.12
168,crab hill,,,,,,,,
169,kahului,US,2021-05-25 18:45:05,20.8947,-156.47,75,52,88.08800000000005,8.75
170,inhambane,MZ,2021-05-25 18:45:06,-23.865,35.3833,1,75,64.958,0.53
171,guerrero negro,MX,2021-05-25 18:45:06,27.9769,-114.0611,57,53,71.708,6.26
172,homer,US,2021-05-25 18:45:06,59.6425,-151.5483,1,58,67.35199999999998,7.2
173,naze,JP,2021-05-25 18:45:06,28.3667,129.4833,99,64,67.38800000000005,1.58
174,grand gaube,MU,2021-05-25 18:45:07,-20.0064,57.6608,8,81,72.26600000000002,0.89
175,norman wells,CA,2021-05-25 18:45:07,65.282,-126.8329,20,23,61.10600000000003,5.66
176,high rock,BS,2021-05-25 18:45:07,26.6208,-78.2833,0,68,80.88800000000005,7.48
177,lewistown,US,2021-05-25 18:45:08,40.5992,-77.5714,75,1,77.03599999999997,1.54
178,honolulu,US,2021-05-25 18:45:08,21.3069,-157.8583,75,60,85.51400000000004,0.89
179,lompoc,US,2021-05-25 18:41:05,34.6391,-120.4579,1,62,83.642,8.75
180,palabuhanratu,,,,,,,,
181,westport,US,2021-05-25 18:45:08,41.1415,-73.3579,1,74,76.226,0.89
182,georgetown,MY,2021-05-25 18:42:04,5.4112,100.3354,20,83,83.15600000000003,1.34
183,farah,AF,2021-05-25 18:45:09,32.5,62.5,0,18,74.984,2.2
184,porto novo,BJ,2021-05-25 18:45:09,6.4965,2.6036,61,82,84.29000000000002,3.45
185,krasnoselkup,RU,2021-05-25 18:45:10,65.7,82.4667,15,65,30.127999999999965,3.55
186,vardo,NO,2021-05-25 18:45:10,70.3705,31.1107,50,70,34.26799999999999,3.92
187,taoudenni,ML,2021-05-25 18:45:10,22.6783,-3.9836,83,13,102.86600000000001,3.3
188,aklavik,CA,2021-05-25 18:45:10,68.2191,-135.0107,75,70,41.99000000000002,3.6
189,oyama,JP,2021-05-25 18:45:11,36.3,139.8,87,30,74.084,2.79
190,turayf,SA,2021-05-25 18:45:11,31.6725,38.6637,0,35,73.92200000000004,2.06
191,san quintin,MX,2021-05-25 18:45:11,30.4833,-115.95,37,58,69.61999999999996,4.6
192,conselheiro lafaiete,BR,2021-05-25 18:45:12,-20.6603,-43.7861,54,84,60.63800000000005,1.61
193,kandrian,PG,2021-05-25 18:45:12,-6.2167,149.55,100,82,80.97799999999997,6.22
194,port-de-bouc,FR,2021-05-25 18:45:12,43.4,4.9833,0,65,63.23000000000005,5.94
195,suez,EG,2021-05-25 18:42:19,29.9737,32.5263,0,56,71.34800000000003,4.44
196,clyde river,CA,2021-05-25 18:45:13,70.4692,-68.5914,100,93,27.10399999999995,11.32
197,sao filipe,CV,2021-05-25 18:45:13,14.8961,-24.4956,0,73,74.58800000000005,4.13
198,pangnirtung,CA,2021-05-25 18:45:13,66.1451,-65.7125,90,69,30.46999999999996,4.12
199,erenhot,CN,2021-05-25 18:45:13,43.6475,111.9767,96,43,53.20399999999995,5.45
200,anadyr,RU,2021-05-25 18:45:14,64.75,177.4833,40,65,45.37400000000001,10.73
201,mundo nuevo,MX,2021-05-25 18:45:14,18.7,-95.5,21,70,84.97400000000002,8.4
202,thompson,CA,2021-05-25 18:44:33,55.7435,-97.8558,90,80,28.832000000000015,6.69
203,paucartambo,,,,,,,,
204,yellowknife,CA,2021-05-25 18:42:18,62.456,-114.3525,20,39,48.55999999999998,1.34
205,nizwa,OM,2021-05-25 18:42:04,22.9333,57.5333,0,22,88.57400000000001,0.9
206,saint-philippe,RE,2021-05-25 18:45:15,-21.3585,55.7679,49,87,73.21999999999997,3.68
207,ukiah,US,2021-05-25 18:45:15,39.1502,-123.2078,1,44,83.39000000000001,6.17
208,port macquarie,AU,2021-05-25 18:45:15,-31.4333,152.9167,19,68,56.156000000000034,3.15
209,korla,CN,2021-05-25 18:45:16,41.7597,86.1469,26,22,71.97799999999997,2.33
210,kailua,US,2021-05-25 18:45:16,21.4022,-157.7394,19,67,85.67599999999999,3.32
211,awjilah,LY,2021-05-25 18:45:16,29.1081,21.2869,0,12,82.65199999999999,1.88
212,huarmey,PE,2021-05-25 18:45:17,-10.0681,-78.1522,9,80,68.792,2.69
213,port lincoln,AU,2021-05-25 18:45:17,-34.7333,135.8667,61,61,57.41600000000001,5.6
214,mezen,RU,2021-05-25 18:45:17,65.8522,44.24,99,80,30.2,2.87
215,bubaque,GW,2021-05-25 18:45:18,11.2833,-15.8333,59,75,80.15,4.79
216,enzan,JP,2021-05-25 18:45:18,35.7,138.7333,100,34,70.17799999999997,1.48
217,andenes,NO,2021-05-25 18:45:18,69.3143,16.1194,9,75,41.342,13.38
218,kushmurun,KZ,2021-05-25 18:45:18,52.4503,64.6311,5,33,75.66799999999998,3.71
219,adrar,MR,2021-05-25 18:45:19,20.5022,-10.0711,89,21,87.89000000000001,6.77
220,hofn,IS,2021-05-25 18:45:19,64.2539,-15.2082,55,87,44.311999999999955,5.45
221,manbij,SY,2021-05-25 18:45:19,36.5281,37.9549,0,33,69.04399999999998,4.76
222,denpasar,ID,2021-05-25 18:41:17,-8.65,115.2167,40,89,80.52799999999996,4.19
223,male,MV,2021-05-25 18:41:37,4.1748,73.5089,75,79,84.41600000000001,11.32
224,paamiut,GL,2021-05-25 18:45:20,61.994,-49.6678,78,70,35.47400000000001,3.69
225,grindavik,IS,2021-05-25 18:45:20,63.8424,-22.4338,75,81,48.41600000000001,12.07
226,ahuimanu,US,2021-05-25 18:45:21,21.4447,-157.8378,75,60,85.40600000000003,2.63
227,nioki,CD,2021-05-25 18:45:21,-2.7167,17.6833,97,77,74.42599999999999,0.57
228,olafsvik,IS,2021-05-25 18:45:21,64.8945,-23.7142,93,80,46.72400000000001,7.33
229,coihaique,CL,2021-05-25 18:45:21,-45.5752,-72.0662,90,87,40.082000000000015,2.57
230,wakkanai,JP,2021-05-25 18:45:22,45.4094,141.6739,71,85,49.80199999999998,6.31
231,amapa,BR,2021-05-25 18:45:22,1,-52,100,98,73.94000000000003,1.11
232,liepaja,LV,2021-05-25 18:45:22,56.5419,21.0367,90,93,52.12400000000001,3.09
233,faya,SA,2021-05-25 18:45:23,18.3851,42.4509,40,40,70.17799999999997,1.67
234,prince rupert,CA,2021-05-25 18:43:06,54.3161,-130.3201,90,81,48.55999999999998,1.54
235,vestmannaeyjar,IS,2021-05-25 18:45:23,63.4427,-20.2734,80,89,45.68000000000004,10.73
236,gbadolite,CD,2021-05-25 18:45:23,4.2833,21.0167,11,80,73.958,1.16
237,aksarka,RU,2021-05-25 18:45:24,66.5606,67.7975,99,97,35.6,5.23
238,makakilo city,US,2021-05-25 18:45:24,21.3469,-158.0858,20,59,84.21799999999999,5.66
239,katangli,RU,2021-05-25 18:45:24,51.7102,143.2326,100,91,36.91400000000003,3.81
240,sorland,NO,2021-05-25 18:45:25,67.667,12.6934,0,75,43.05199999999998,10.48
241,castro,BR,2021-05-25 18:42:44,-24.7911,-50.0119,43,61,49.891999999999996,0.45
242,hervey bay,AU,2021-05-25 18:45:25,-25.2986,152.8535,10,86,73.30999999999997,1.34
243,voyinka,UA,2021-05-25 18:45:25,45.8699,33.9914,37,89,59.108000000000004,1.2
244,sao miguel do araguaia,BR,2021-05-25 18:45:26,-13.275,-50.1628,23,42,80.85199999999998,0.86
245,bayangol,RU,2021-05-25 18:45:26,50.6977,103.4656,100,78,40.90999999999998,0.56
246,bengkulu,ID,2021-05-25 18:45:26,-3.8004,102.2655,74,86,77.14399999999998,1.13
247,necochea,AR,2021-05-25 18:45:26,-38.5473,-58.7368,8,61,47.26400000000003,4.71
248,trinidad,BO,2021-05-25 18:45:27,-14.8333,-64.9,11,69,77.25199999999998,0
249,kelme,LT,2021-05-25 18:45:27,55.6339,22.9342,100,99,53.88800000000005,3.03
250,khor,RU,2021-05-25 18:45:27,47.8861,134.9464,49,79,49.24399999999997,1.38
251,codrington,AU,2021-05-25 18:45:28,-38.2667,141.9667,97,61,53.20399999999995,9.42
252,half moon bay,US,2021-05-25 18:42:02,37.4636,-122.4286,20,64,80.00600000000003,5.56
253,sedelnikovo,,,,,,,,
254,fukue,JP,2021-05-25 18:45:28,32.6881,128.8419,100,50,67.24399999999997,1.16
255,benguela,AO,2021-05-25 18:45:28,-12.5763,13.4055,5,69,76.17200000000004,2.11
256,dunedin,NZ,2021-05-25 18:42:41,-45.8742,170.5036,100,53,53.07799999999996,1.81
257,lebu,CL,2021-05-25 18:45:29,-37.6167,-73.65,93,87,55.77799999999996,0.59
258,nouadhibou,MR,2021-05-25 18:41:11,20.931,-17.0347,11,82,66.45199999999997,7.2
259,severomuysk,RU,2021-05-25 18:45:29,56.1481,113.4267,10,67,33.29600000000005,0.52
260,carauari,BR,2021-05-25 18:45:30,-4.8828,-66.8958,91,96,75.50600000000003,0.62
261,satitoa,,,,,,,,
262,tessalit,ML,2021-05-25 18:45:30,20.1986,1.0114,44,7,95.71999999999997,7.11
263,balezino,RU,2021-05-25 18:45:30,57.9796,53.0106,56,87,48.038000000000046,2.47
264,hovd,MN,2021-05-25 18:45:31,48.0056,91.6419,5,32,57.83000000000004,1.84
265,sola,VU,2021-05-25 18:45:31,-13.8833,167.55,91,59,78.16999999999996,7.33
266,sogdiondon,,,,,,,,
267,acajutla,SV,2021-05-25 18:45:31,13.5928,-89.8275,89,70,101.01199999999996,3.83
268,poli,TZ,2021-05-25 18:45:32,-3.3333,36.8,87,90,54.608000000000004,1.65
269,ostrovnoy,RU,2021-05-25 18:45:32,68.0531,39.5131,9,79,33.74600000000005,2.99
270,samusu,,,,,,,,
271,vila velha,BR,2021-05-25 18:45:32,-20.3297,-40.2925,75,79,73.61600000000001,2.68
272,agadir,MA,2021-05-25 18:45:33,30.4202,-9.5982,100,83,65.11999999999996,3
273,ust-kan,RU,2021-05-25 18:45:33,50.9276,84.761,27,71,55.184,1.03
274,saint-augustin,CA,2021-05-25 18:43:08,51.226,-58.6502,100,78,52.50199999999998,4.52
275,athabasca,CA,2021-05-25 18:45:33,54.7169,-113.2854,100,34,56.498000000000026,2.41
276,vagur,FO,2021-05-25 18:45:34,61.4732,-6.8119,86,84,46.13000000000004,9.71
277,kuche,,,,,,,,
278,doha,QA,2021-05-25 18:42:08,25.2867,51.5333,0,48,93.36199999999997,2.06
279,esmeraldas,BR,2021-05-25 18:45:34,-19.7625,-44.3139,80,55,74.53399999999999,2.29
280,cheuskiny,,,,,,,,
281,baoning,CN,2021-05-25 18:45:34,25.3378,110.026,90,100,73.52599999999998,0.62
282,palmer,US,2021-05-25 18:45:35,42.1584,-72.3287,75,57,77.64800000000002,3.13
283,derzhavinsk,KZ,2021-05-25 18:45:35,51.1,66.3167,51,36,75.61400000000003,4.5
284,dolores,AR,2021-05-25 18:45:35,-36.3132,-57.6792,18,68,46.23800000000004,3.17
285,oistins,BB,2021-05-25 18:45:36,13.0667,-59.5333,20,61,80.95999999999998,6.69
286,khatanga,RU,2021-05-25 18:44:26,71.9667,102.5,100,98,31.351999999999975,2.65
287,amderma,,,,,,,,
288,banda aceh,ID,2021-05-25 18:42:48,5.5577,95.3222,96,80,80.74399999999997,3
289,savannakhet,LA,2021-05-25 18:44:56,16.566,104.751,94,88,77.9,1.86
290,tambul,,,,,,,,
291,dakar,SN,2021-05-25 18:43:48,14.6937,-17.4441,8,88,72.75199999999998,5.14
292,mazagao,BR,2021-05-25 18:45:37,-0.115,-51.2894,99,91,76.24399999999997,1.79
293,tiznit,MA,2021-05-25 18:45:37,29.5833,-9.5,100,72,63.788000000000046,1.56
294,ranong,TH,2021-05-25 18:45:37,9.9658,98.6348,100,85,79.03399999999999,3.41
295,alta floresta,BR,2021-05-25 18:45:38,-9.8756,-56.0861,70,74,75.91999999999996,1.76
296,itaituba,BR,2021-05-25 18:45:38,-4.2761,-55.9836,56,81,78.83599999999997,1.21
297,bendigo,AU,2021-05-25 18:45:38,-36.7667,144.2833,45,75,52.12400000000001,1.79
298,zlobin,HR,2021-05-25 18:45:38,45.2924,14.6541,20,58,49.567999999999984,3.65
299,sochi,RU,2021-05-25 18:45:39,43.6,39.7303,0,88,61.15999999999998,2.03
300,bethel,US,2021-05-25 18:41:21,41.3712,-73.414,1,63,76.04600000000005,6.17
301,yerbogachen,RU,2021-05-25 18:45:39,61.2767,108.0108,100,84,36.30199999999998,2.89
302,bathsheba,BB,2021-05-25 18:45:40,13.2167,-59.5167,20,61,81.48200000000003,5.62
303,cockburn town,TC,2021-05-25 18:45:40,21.4612,-71.1419,40,69,80.834,6.17
304,sioux lookout,CA,2021-05-25 18:45:40,50.1001,-91.917,75,40,71.94200000000001,6.69
305,kaspi,GE,2021-05-25 18:45:40,41.9252,44.4257,95,94,60.188000000000045,3.74
306,kawalu,ID,2021-05-25 18:45:41,-7.3817,108.2082,81,97,71.31199999999995,1.14
307,luganville,VU,2021-05-25 18:45:41,-15.5333,167.1667,43,57,76.65800000000002,3.91
308,sompeta,IN,2021-05-25 18:45:41,18.9333,84.6,100,40,84.25399999999996,3.45
309,kimbe,PG,2021-05-25 18:45:42,-5.5502,150.1429,100,88,79.06999999999996,2.18
310,ihosy,MG,2021-05-25 18:45:42,-22.4,46.1167,45,91,56.53399999999999,1.14
311,enid,US,2021-05-25 18:45:42,36.3956,-97.8784,20,57,91.41799999999998,2.24
312,port augusta,AU,2021-05-25 18:45:43,-32.5,137.7667,35,63,50.97200000000004,2.14
313,salaspils,LV,2021-05-25 18:45:43,56.8601,24.3654,100,99,55.54399999999997,2.56
314,pinawa,CA,2021-05-25 18:45:43,50.1489,-95.8811,100,93,48.95600000000003,7.3
315,port hardy,CA,2021-05-25 18:45:43,50.6996,-127.4199,90,71,54.05,3.6
316,ozinki,RU,2021-05-25 18:45:44,51.1786,49.6769,100,72,58.90999999999998,10.88
317,klaksvik,FO,2021-05-25 18:42:47,62.2266,-6.589,96,91,49.38800000000005,7.62
318,portland,US,2021-05-25 18:36:07,45.5234,-122.6762,90,87,64.77799999999996,0.45
319,khonsa,IN,2021-05-25 18:45:44,27.0167,95.5667,100,89,68.80999999999997,1.95
320,lorengau,PG,2021-05-25 18:45:45,-2.0226,147.2712,100,90,78.61999999999996,2.8
321,marcona,,,,,,,,
322,saint george,US,2021-05-25 18:45:45,37.1041,-113.5841,1,10,91.90399999999995,0.89
323,moron,AR,2021-05-25 18:44:15,-34.6534,-58.6198,1,67,59.25199999999998,1.3
324,jinka,ET,2021-05-25 18:45:45,5.65,36.65,36,87,62.438000000000045,1.11
325,turbat,PK,2021-05-25 18:45:46,26.0023,63.044,44,35,89.618,1.84
326,carmen,MX,2021-05-25 18:45:32,18.6333,-91.8333,40,74,86.30600000000004,5.66
327,caravelas,BR,2021-05-25 18:45:46,-17.7125,-39.2481,52,90,74.73200000000003,3.42
328,melfi,IT,2021-05-25 18:45:46,40.9965,15.6514,23,90,56.67799999999997,2.19
329,kieta,PG,2021-05-25 18:45:47,-6.2167,155.6333,90,85,82.25600000000003,3.72
330,okhotsk,RU,2021-05-25 18:45:47,59.3833,143.3,86,52,51.38599999999997,4.64
331,lasa,IT,2021-05-25 18:45:47,46.6166,10.7002,36,61,49.351999999999975,0.55
332,srednekolymsk,RU,2021-05-25 18:45:48,67.45,153.6833,98,47,54.23000000000005,9.51
333,akyab,MM,2021-05-25 18:45:48,20.15,92.9,100,83,79.44800000000004,9.23
334,kazalinsk,,,,,,,,
335,kasongo-lunda,CD,2021-05-25 18:45:48,-6.4667,16.8167,2,60,67.28000000000004,0.83
336,itupiranga,BR,2021-05-25 18:45:49,-5.1347,-49.3267,33,78,78.61999999999996,1.1
337,tashara,RU,2021-05-25 18:45:49,55.5195,83.5094,66,94,57.50600000000003,1.23
338,kavieng,PG,2021-05-25 18:45:49,-2.5744,150.7967,100,86,79.68200000000002,3.61
339,maneadero,MX,2021-05-25 18:40:58,31.7167,-116.5667,34,70,70.37599999999999,2.24
340,nipawin,CA,2021-05-25 18:45:50,53.3668,-104.0009,90,70,41.306000000000026,9.26
341,saleaula,,,,,,,,
342,toliary,,,,,,,,
343,grand river south east,,,,,,,,
344,ancud,CL,2021-05-25 18:45:50,-41.8697,-73.8203,100,96,51.69199999999999,10.13
345,hirara,JP,2021-05-25 18:45:51,24.8,125.2833,40,89,82.52599999999998,2.06
346,vikulovo,RU,2021-05-25 18:45:51,56.8167,70.6107,6,67,58.90999999999998,3.97
347,ozgon,,,,,,,,
348,oriximina,BR,2021-05-25 18:45:51,-1.7656,-55.8661,72,87,78.18800000000005,1.8
349,zyryanovsk,KZ,2021-05-25 18:45:52,49.7386,84.2719,39,71,57.127999999999965,1.01
350,corvallis,US,2021-05-25 18:41:21,44.5646,-123.262,80,69,65.37200000000004,1.79
351,omsukchan,RU,2021-05-25 18:45:52,62.5333,155.8,100,84,36.211999999999954,2.54
352,broome,US,2021-05-25 18:45:52,42.2506,-75.833,1,71,77.84600000000006,2.68
353,laureles,US,2021-05-25 18:45:53,26.1092,-97.4941,40,75,88.10600000000002,4.92
354,carlisle,US,2021-05-25 18:45:53,40.2015,-77.1889,95,70,79.62799999999996,0.45
355,antofagasta,CL,2021-05-25 18:44:54,-23.65,-70.4,74,70,58.55,1.73
356,youhao,CN,2021-05-25 18:45:53,47.8667,128.8333,76,40,53.438000000000045,0.82
357,katsuura,JP,2021-05-25 18:45:54,35.1333,140.3,90,72,68.50399999999996,6.53
358,tetiyiv,UA,2021-05-25 18:45:54,49.3767,29.6647,21,90,54.95,3.73
359,bilibino,RU,2021-05-25 18:45:54,68.0546,166.4372,92,65,46.561999999999955,2.93
360,nushki,PK,2021-05-25 18:44:37,29.5542,66.0215,0,13,78.25999999999999,2.08
361,vagay,RU,2021-05-25 18:45:55,57.9375,69.0217,33,83,57.16400000000003,3.52
362,manaia,NZ,2021-05-25 18:45:55,-39.55,174.1333,3,65,49.351999999999975,2.71
363,katima mulilo,NA,2021-05-25 18:45:55,-17.5,24.2667,0,60,55.45399999999995,1.78
364,lavrentiya,RU,2021-05-25 18:45:56,65.5833,-171,72,85,38.714000000000034,4.58
365,miri,MY,2021-05-25 18:43:01,4.4148,114.0089,20,94,77.41400000000004,2.05
366,shipitsyno,RU,2021-05-25 18:45:56,61.2806,46.5208,100,88,41.21600000000001,3.37
367,porto seguro,BR,2021-05-25 18:45:56,-16.4497,-39.0647,40,73,79.592,2.57
368,kattivakkam,IN,2021-05-25 18:45:57,13.2167,80.3167,95,76,83.33599999999997,7.62
369,lucknow,IN,2021-05-25 18:45:57,26.85,80.9167,40,83,80.85199999999998,2.99
370,komsomolskiy,UZ,2021-05-25 18:45:57,40.4272,71.7189,43,42,68.99000000000002,3.09
371,mogoytuy,RU,2021-05-25 18:45:58,51.2833,114.9167,100,67,47.26400000000003,3.46
372,luderitz,NA,2021-05-25 18:45:47,-26.6481,15.1594,0,70,61.80800000000001,3.13
373,olathe,US,2021-05-25 18:45:58,38.8814,-94.8191,75,75,78.38599999999997,1.79
374,tura,IN,2021-05-25 18:45:58,25.5198,90.2201,100,97,73.59800000000003,1.88
375,belushya guba,,,,,,,,
376,balabac,PH,2021-05-25 18:45:59,7.9868,117.0645,25,78,82.21999999999997,2.15
377,atar,MR,2021-05-25 18:45:59,20.5169,-13.0499,55,17,88.53800000000004,6.01
378,sokolo,ML,2021-05-25 18:45:59,14.7328,-6.1219,100,32,93.434,1.67
379,cap malheureux,MU,2021-05-25 18:46:00,-19.9842,57.6142,8,81,72.35600000000002,0.89
380,saint-pierre,RE,2021-05-25 18:46:00,-21.3393,55.4781,0,77,73.30999999999997,3.6
381,limeira,BR,2021-05-25 18:46:00,-22.5647,-47.4017,74,40,69.33200000000002,0.84
382,fontem,CM,2021-05-25 18:46:01,5.4685,9.8818,100,95,66.90199999999999,1.08
383,balkhash,KZ,2021-05-25 18:46:01,46.844,74.9804,0,45,70.01600000000002,5.84
384,broken hill,AU,2021-05-25 18:46:01,-31.95,141.4333,0,81,46.38200000000002,4.63
385,phrai bung,,,,,,,,
386,one hundred mile house,,,,,,,,
387,sabha,LY,2021-05-25 18:46:02,27.0377,14.4283,0,10,90.21199999999996,3.36
388,bridlington,GB,2021-05-25 18:46:02,54.0831,-0.1919,28,91,48.650000000000006,4.92
389,molo,KE,2021-05-25 18:46:02,-0.2479,35.7374,44,96,50.05399999999995,0.9
390,fort nelson,CA,2021-05-25 18:44:51,58.8053,-122.7002,90,31,48.056000000000026,3.09
391,najran,SA,2021-05-25 18:42:09,17.4924,44.1277,0,19,79.71799999999999,2.32
392,dingle,PH,2021-05-25 18:46:03,10.9995,122.6711,100,82,80.708,1.21
393,riyadh,SA,2021-05-25 18:43:00,24.6877,46.7219,20,11,97.12400000000001,0
394,ituni,,,,,,,,
395,souillac,MU,2021-05-25 18:46:03,-20.5167,57.5167,20,88,72.24800000000002,4.02
396,nyazepetrovsk,RU,2021-05-25 18:46:04,56.0531,59.6028,46,97,54.608000000000004,3.05
397,galiwinku,,,,,,,,
398,hamilton,US,2021-05-25 18:46:04,39.1834,-84.5333,1,44,87.458,2.01
399,bonfim,BR,2021-05-25 18:46:04,3.0833,-59.95,97,86,79.10600000000002,2.43
400,moranbah,AU,2021-05-25 18:46:05,-22.0016,148.0466,2,64,67.87400000000002,4.53
401,mayo,US,2021-05-25 18:46:05,38.8876,-76.5119,1,78,81.19399999999997,4.02
402,sabzevar,IR,2021-05-25 18:46:06,36.2126,57.6819,73,17,78.85399999999996,4.22
403,gornopravdinsk,RU,2021-05-25 18:46:06,60.05,69.9,95,82,53.725999999999985,3.16
404,caraquet,CA,2021-05-25 18:41:11,47.7941,-64.9386,100,89,70.64600000000004,4.64
405,virginia beach,US,2021-05-25 18:46:06,36.8529,-75.978,40,81,81.08599999999997,3.6
406,mongoumba,CF,2021-05-25 18:46:07,3.6415,18.5936,63,79,75.07400000000001,1.25
407,bezdan,RS,2021-05-25 18:46:07,45.8502,18.9259,31,77,48.45199999999998,2.91
408,zhezkazgan,KZ,2021-05-25 18:46:07,47.8043,67.7144,24,33,73.21999999999997,4.21
409,weligama,LK,2021-05-25 18:46:08,5.9667,80.4167,99,84,80.07799999999997,7.76
410,dillon,US,2021-05-25 18:44:21,34.4166,-79.3712,98,84,91.92200000000004,3.16
411,flinders,AU,2021-05-25 18:46:08,-34.5833,150.8552,32,61,63.64399999999998,3.7
412,isangel,VU,2021-05-25 18:46:08,-19.55,169.2667,20,50,77.37799999999996,5.75
413,saint-joseph,RE,2021-05-25 18:46:09,-21.3667,55.6167,31,84,72.23000000000005,3.6
414,sao jose da coroa grande,BR,2021-05-25 18:46:09,-8.8978,-35.1478,46,83,77.792,3.11
415,umzimvubu,,,,,,,,
416,labuhan,ID,2021-05-25 18:46:09,-6.8844,112.2051,20,87,77.45,2.71
417,sitka,US,2021-05-25 18:46:10,57.0531,-135.33,75,71,50.161999999999956,5.14
418,brigantine,US,2021-05-25 18:46:10,39.4101,-74.3646,1,77,74.53399999999999,6.28
419,erzurum,TR,2021-05-25 18:46:10,40,41.5,1,82,40.94600000000005,2.46
420,funadhoo,MV,2021-05-25 18:46:11,6.15,73.2667,100,82,81.64399999999998,11.44
421,yakeshi,CN,2021-05-25 18:46:11,49.2833,120.7333,34,73,42.998000000000026,1.46
422,quelimane,MZ,2021-05-25 18:46:11,-17.8786,36.8883,0,88,66.41600000000001,0.89
423,abha,SA,2021-05-25 18:46:12,18.2164,42.5053,20,46,69.89000000000001,1.89
424,vezirkopru,TR,2021-05-25 18:46:12,41.1436,35.4547,4,89,54.35600000000003,0.47
425,caraballeda,VE,2021-05-25 18:46:12,10.6112,-66.8522,67,83,80.94200000000001,4.5
426,faanui,PF,2021-05-25 18:46:13,-16.4833,-151.75,74,71,81.31999999999996,5.05
427,cananeia,BR,2021-05-25 18:46:13,-25.0147,-47.9267,26,77,61.483999999999995,1.47
428,teguise,ES,2021-05-25 18:46:13,29.0605,-13.564,40,68,63.08599999999997,10.19
429,phuthaditjhaba,ZA,2021-05-25 18:41:44,-28.5242,28.8158,100,51,46.32799999999996,1.73
430,ambilobe,MG,2021-05-25 18:46:14,-13.2,49.05,25,92,67.90999999999998,1.26
431,usak,TR,2021-05-25 18:46:14,38.5,29.4167,0,39,62.924000000000014,3.05
432,nefteyugansk,RU,2021-05-25 18:46:14,61.0998,72.6035,100,82,43.32200000000004,3.4
433,novikovo,RU,2021-05-25 18:46:14,51.1537,37.8879,99,71,57.00199999999998,2.3
434,port keats,AU,2021-05-25 18:46:15,-14.25,129.55,8,60,74.984,4.39
435,flin flon,CA,2021-05-25 18:46:15,54.7682,-101.865,90,75,33.908,7.29
436,manta,EC,2021-05-25 18:46:15,-0.95,-80.7333,40,69,80.65399999999995,5.66
437,tuim,RU,2021-05-25 18:46:16,54.3417,89.9261,96,93,53.6,1.42
438,toucheng,TW,2021-05-25 18:46:16,24.8592,121.8233,17,81,82.72400000000002,1.52
439,ilulissat,GL,2021-05-25 18:44:25,69.2167,-51.1,16,60,35.88800000000005,3.09
440,qom,IR,2021-05-25 18:46:16,34.6401,50.8764,6,51,70.77200000000005,2.63
441,llangefni,GB,2021-05-25 18:44:29,53.2556,-4.3106,40,81,51.00800000000001,2.51
442,terrace,CA,2021-05-25 18:45:05,54.5163,-128.6035,75,41,62.780000000000044,10.29
443,ponta do sol,PT,2021-05-25 18:45:35,32.6667,-17.1,69,55,66.27200000000005,3.03
444,honiara,SB,2021-05-25 18:46:17,-9.4333,159.95,83,74,82.61600000000001,1.86
445,marawi,PH,2021-05-25 18:46:17,7.9986,124.2928,89,82,66.91999999999996,0.54
446,kajaani,FI,2021-05-25 18:46:18,64.2273,27.7285,20,87,44.924000000000014,1.54
447,mehamn,NO,2021-05-25 18:46:18,71.0357,27.8492,30,72,36.067999999999984,2.53
448,berlevag,NO,2021-05-25 18:46:18,70.8578,29.0864,39,71,36.48200000000001,3.56
449,san cristobal,VE,2021-05-25 18:45:35,7.7669,-72.225,100,99,77.45,2.04
450,alamosa,US,2021-05-25 18:46:19,37.4695,-105.87,1,12,70.62799999999996,5.14
451,galle,LK,2021-05-25 18:46:19,6.0367,80.217,100,83,81.53599999999997,8.36
452,raduzhnyy,RU,2021-05-25 18:46:19,62.0961,77.475,99,52,41.09000000000002,2.85
453,umm jarr,,,,,,,,
454,steamboat springs,US,2021-05-25 18:45:07,40.485,-106.8317,40,23,72.53599999999997,1.54
455,olinda,BR,2021-05-25 18:41:33,-8.0089,-34.8553,40,69,78.80000000000001,4.2
456,kilindoni,TZ,2021-05-25 18:46:20,-7.9139,39.6668,52,67,79.66400000000004,7.34
457,buraydah,SA,2021-05-25 18:46:20,26.326,43.975,0,16,84.91999999999996,4.81
458,seoul,KR,2021-05-25 18:43:20,37.5683,126.9778,75,82,58.71199999999996,2.24
459,beringovskiy,RU,2021-05-25 18:46:21,63.05,179.3167,100,99,32.935999999999964,3.05
460,pacific grove,US,2021-05-25 18:46:21,36.6177,-121.9166,40,76,81.42799999999997,4.02
461,chiang rai,TH,2021-05-25 18:45:18,19.9167,99.9167,90,100,75.45199999999997,1.03
462,waddan,LY,2021-05-25 18:46:13,29.1614,16.139,1,17,84.45199999999997,3.83
463,porto torres,IT,2021-05-25 18:46:18,40.835,8.3972,85,73,52.25,1.66
464,manoel urbano,BR,2021-05-25 18:46:21,-8.8389,-69.2597,42,78,76.76600000000002,0.78
465,smithers,CA,2021-05-25 18:45:04,54.7804,-127.1743,75,39,61.39399999999998,4.12
466,shache,CN,2021-05-25 18:46:22,38.4167,77.2406,87,20,64.868,1.32
467,navirai,BR,2021-05-25 18:46:22,-23.065,-54.1906,72,34,69.15199999999999,2.31
468,kidal,ML,2021-05-25 18:46:22,18.4411,1.4078,83,7,94.49600000000005,5.78
469,bethal,ZA,2021-05-25 18:46:23,-26.4579,29.4655,100,50,46.814000000000036,1.16
470,juneau,US,2021-05-25 18:45:05,58.3019,-134.4197,90,69,59.26999999999996,1.92
471,luau,AO,2021-05-25 18:46:23,-10.7073,22.2247,25,56,56.76799999999999,2.27
472,thinadhoo,MV,2021-05-25 18:46:23,0.5333,72.9333,100,66,84.326,9.32
473,plouzane,FR,2021-05-25 18:46:24,48.3833,-4.6167,90,94,54.05,9.46
474,scarborough,GB,2021-05-25 18:42:56,54.2797,-0.4044,18,88,48.29000000000002,1.79
475,lolua,,,,,,,,
476,shestakovo,RU,2021-05-25 18:46:24,56.4915,103.96,89,85,45.14000000000002,0.95
477,kochevo,RU,2021-05-25 18:46:25,59.5994,54.3125,100,93,47.24600000000005,2.14
478,ixtapa,MX,2021-05-25 18:46:25,20.7,-105.2,40,78,83.49800000000002,6.17
479,byron bay,AU,2021-05-25 18:42:11,-28.65,153.6167,2,73,68.32400000000001,2.3
480,road town,VG,2021-05-25 18:46:25,18.4167,-64.6167,20,78,84.55999999999997,4.63
481,shingu,JP,2021-05-25 18:46:26,33.7333,135.9833,67,49,66.18200000000002,1.17
482,szczecinek,PL,2021-05-25 18:46:26,53.7079,16.6994,7,93,44.61799999999998,4.54
483,yumen,CN,2021-05-25 18:46:26,40.2833,97.2,14,19,59.75600000000003,2.69
484,magadi,IN,2021-05-25 18:46:26,12.9667,77.2333,100,93,70.41199999999995,5.03
485,san patricio,US,2021-05-25 18:46:27,28.017,-97.5169,70,76,85.424,7.78
486,norden,DE,2021-05-25 18:46:27,53.6,7.2,60,83,50.233999999999995,2.68
487,yirol,,,,,,,,
488,kalemie,CD,2021-05-25 18:46:27,-5.9475,29.1947,16,77,69.63800000000005,1.43
489,gorontalo,ID,2021-05-25 18:46:28,0.5412,123.0595,84,88,77.95399999999995,0.5
490,waingapu,ID,2021-05-25 18:46:28,-9.6567,120.2641,39,83,78.51199999999996,4.09
491,sangin,AF,2021-05-25 18:46:28,32.0728,64.8359,0,16,80.15,4.82
492,chimbote,PE,2021-05-25 18:44:48,-9.0853,-78.5783,7,86,66.88399999999999,2.59
493,usinsk,RU,2021-05-25 18:46:29,65.9939,57.5281,99,70,32.342,6.96
494,lagunillas,VE,2021-05-25 18:46:29,10.1301,-71.2595,98,72,84.48800000000006,2.39
495,odweyne,SO,2021-05-25 18:46:29,9.4092,45.064,18,57,73.41799999999998,5.63
496,ciudad bolivar,VE,2021-05-25 18:46:30,8.1222,-63.5497,93,40,90.35600000000002,5.73
497,raahe,FI,2021-05-25 18:46:30,64.6833,24.4833,6,93,44.95999999999998,3.23
498,conde,BR,2021-05-25 18:46:30,-7.2597,-34.9075,40,88,76.73000000000005,3.27
499,bacolod,PH,2021-05-25 18:46:30,10.6667,122.95,73,80,82.27400000000002,0.55
500,constitucion,CL,2021-05-25 18:46:31,-35.3333,-72.4167,97,81,56.33599999999997,4.07
501,lawton,US,2021-05-25 18:46:31,34.6087,-98.3903,1,65,83.13800000000005,2.57
502,gat,IL,2021-05-25 18:43:02,31.61,34.7642,0,55,78.674,1.17
503,areosa,PT,2021-05-25 18:46:32,41.7178,-8.8571,100,76,66.57799999999997,4.76
504,kyra,RU,2021-05-25 18:46:32,49.5776,111.9753,93,70,44.36600000000001,5.29
505,belmonte,BR,2021-05-25 18:46:32,-15.8631,-38.8828,15,80,79.57400000000001,2.66
506,aquiraz,BR,2021-05-25 18:46:32,-3.9014,-38.3911,62,81,82.45399999999995,3.51
507,slave lake,CA,2021-05-25 18:46:33,55.2834,-114.769,1,43,53.851999999999975,2.57
508,matay,EG,2021-05-25 18:46:33,28.419,30.7792,0,36,77.52200000000005,5.97
509,aykhal,RU,2021-05-25 18:45:35,66,111.5,80,86,42.27799999999996,3.31
510,mjolby,SE,2021-05-25 18:46:33,58.326,15.1237,100,97,50.0,6.04
511,ashland,US,2021-05-25 18:42:51,40.8167,-82.2665,98,75,86.82799999999997,4.18
512,mildura,AU,2021-05-25 18:46:34,-34.2,142.15,0,93,48.34399999999997,3.09
513,linxia,CN,2021-05-25 18:46:34,35.6003,103.2064,99,51,55.09399999999997,1.8
514,louisbourg,,,,,,,,
515,vao,NC,2021-05-25 18:46:35,-22.6667,167.4833,19,61,71.708,7.07
516,vicuna,CL,2021-05-25 18:46:35,-30.0319,-70.7081,41,19,51.8,0.75
517,maralal,KE,2021-05-25 18:46:35,1.0968,36.698,47,85,57.811999999999955,2.48
518,zhigansk,RU,2021-05-25 18:44:57,66.7697,123.3711,100,56,48.95600000000003,1.8
519,guangyuan,CN,2021-05-25 18:46:36,32.442,105.823,92,89,59.95399999999995,1.76
520,dakoro,NE,2021-05-25 18:46:36,14.5106,6.765,9,10,84.93800000000005,1.6
521,jambusar,IN,2021-05-25 18:46:36,22.05,72.8,70,58,87.00800000000001,4.89
522,ketchikan,US,2021-05-25 18:46:36,55.3422,-131.6461,90,76,49.964000000000034,3.64
523,monduli,TZ,2021-05-25 18:46:37,-3.3,36.45,100,84,57.00199999999998,3.17
524,lashio,MM,2021-05-25 18:46:37,22.9333,97.75,98,96,70.66400000000004,0.58
525,visnes,NO,2021-05-25 18:46:37,59.3556,5.2242,75,58,57.36199999999995,4.12
526,la palma,US,2021-05-25 18:46:38,33.8464,-118.0467,75,46,96.08000000000004,2.68
527,hinundayan,PH,2021-05-25 18:46:38,10.3523,125.2506,82,83,81.05000000000001,1.92
528,marovoay,MG,2021-05-25 18:46:38,-16.1,46.6333,23,86,72.01400000000004,0.8
529,atasu,KZ,2021-05-25 18:46:39,48.6814,71.6433,0,37,69.09800000000003,3.87
530,mendahara,,,,,,,,
531,comitancillo,GT,2021-05-25 18:46:39,15.0833,-91.7167,99,90,62.74399999999997,1.43
532,daru,PG,2021-05-25 18:46:39,-9.0763,143.2092,38,74,80.09600000000006,7.21
533,jatiroto,ID,2021-05-25 18:46:40,-7.8833,111.1167,71,94,73.38200000000002,1.03
534,excelsior springs,US,2021-05-25 18:46:40,39.3392,-94.2261,40,74,78.94399999999997,4.12
535,zalantun,CN,2021-05-25 18:46:40,48,122.7167,9,53,51.51199999999996,4.74
536,yenagoa,NG,2021-05-25 18:46:40,4.9247,6.2642,100,95,77.09000000000003,2.09
537,muli,MV,2021-05-25 18:46:41,2.9167,73.5667,100,75,84.326,10.4
538,north bend,US,2021-05-25 18:46:41,43.4065,-124.2243,90,82,64.21999999999997,5.14
539,vienna,AT,2021-05-25 18:40:03,48.2085,16.3721,0,82,48.32599999999999,0.45
540,mar de espanha,BR,2021-05-25 18:46:41,-21.8672,-43.0097,13,85,54.42799999999997,1.39
541,kedrovoye,RU,2021-05-25 18:46:42,57.1576,60.5698,67,95,56.911999999999956,3.53
542,rio claro,BR,2021-05-25 18:46:42,-22.4114,-47.5614,73,41,60.89000000000002,0.66
543,haines junction,CA,2021-05-25 18:46:42,60.7522,-137.5108,94,71,52.016000000000005,1.54
544,hay river,CA,2021-05-25 18:46:43,60.8156,-115.7999,20,60,35.83399999999999,3.6
545,san martin,AR,2021-05-25 18:46:43,-33.081,-68.4681,0,38,63.40999999999998,2.88
546,bargal,,,,,,,,
547,mountain home,US,2021-05-25 18:45:00,43.133,-115.6912,75,72,62.34800000000003,4.35
548,leshukonskoye,RU,2021-05-25 18:46:44,64.8989,45.7622,95,90,30.01999999999996,3.06
549,saint-georges,GD,2021-05-25 18:44:29,12.0564,-61.7485,20,74,82.34600000000006,5.14
550,dire,ML,2021-05-25 18:46:44,12.2833,-10.9667,100,39,88.66400000000004,1.83
551,hanzhong,CN,2021-05-25 18:46:44,33.0728,107.0303,92,87,60.403999999999954,0.86
552,roald,NO,2021-05-25 18:46:45,62.5833,6.1333,0,81,53.167999999999985,8.75
553,kloulklubed,PW,2021-05-25 18:46:45,7.0419,134.2556,53,72,77.77400000000002,1.56
554,vila franca do campo,PT,2021-05-25 18:46:45,37.7167,-25.4333,100,85,66.88399999999999,4.33
555,cockburn harbour,,,,,,,,
556,jumla,NP,2021-05-25 18:46:46,29.2747,82.1838,98,89,52.98800000000004,1.4
557,lovozero,RU,2021-05-25 18:46:46,68.005,35.0117,10,92,31.082000000000015,0.43
558,iqaluit,CA,2021-05-25 18:46:46,63.7506,-68.5145,90,86,28.4,10.73
559,namibe,AO,2021-05-25 18:46:46,-15.1961,12.1522,0,68,74.44399999999997,1.17
560,high level,CA,2021-05-25 18:46:47,58.5169,-117.136,75,27,50.377999999999965,2.65
561,port blair,IN,2021-05-25 18:45:03,11.6667,92.75,90,89,80.90600000000003,3.09
562,bluefields,NI,2021-05-25 18:46:47,12.0137,-83.7635,100,91,78.70999999999998,4.16
563,bayir,TR,2021-05-25 18:46:47,37.2687,28.2167,0,44,59.792,1.51
564,jalu,LY,2021-05-25 18:46:48,29.0331,21.5482,0,11,82.058,2.11
565,sisimiut,GL,2021-05-25 18:46:48,66.9395,-53.6735,44,62,30.182000000000016,1.43
566,aviles,ES,2021-05-25 18:46:48,43.5547,-5.9248,0,82,54.193999999999974,1.03
567,tupik,RU,2021-05-25 18:46:49,54.4253,119.9327,100,92,41.0,1.17
568,uthal,PK,2021-05-25 18:46:49,25.8072,66.6219,28,81,84.092,0.48
569,safford,US,2021-05-25 18:46:49,32.834,-109.7076,1,4,94.38800000000005,3.6
570,xinzhou,CN,2021-05-25 18:46:49,38.4092,112.7333,51,45,68.39600000000004,6.08
571,patnanungan,PH,2021-05-25 18:46:50,14.7833,122.1833,52,68,84.03800000000004,2.53
572,biankouma,CI,2021-05-25 18:46:50,7.7391,-7.6138,100,84,74.40800000000002,1.38
573,caxito,AO,2021-05-25 18:46:50,-8.5785,13.6643,21,91,77.91799999999998,1.51
574,wisconsin rapids,US,2021-05-25 18:46:51,44.3836,-89.8174,40,65,81.44600000000005,7.72
575,guozhen,CN,2021-05-25 18:46:51,34.3659,107.359,89,65,65.642,2.85
576,hambantota,LK,2021-05-25 18:46:51,6.1241,81.1185,95,74,81.30199999999998,10
577,joao pinheiro,BR,2021-05-25 18:46:52,-17.7425,-46.1725,95,50,73.72400000000002,2
578,talnakh,RU,2021-05-25 18:44:31,69.4865,88.3972,53,95,22.24399999999997,5.2
579,tingo maria,PE,2021-05-25 18:43:21,-9.2895,-76.0088,89,99,69.54800000000003,0.37
580,barawe,,,,,,,,
581,tangjiazhuang,CN,2021-05-25 18:46:52,39.7333,118.45,100,28,62.22200000000004,4.45
582,chekmagush,RU,2021-05-25 18:46:53,55.1319,54.6556,70,87,52.214000000000034,4.35
583,piacabucu,BR,2021-05-25 18:46:33,-10.4056,-36.4344,19,82,76.892,3.27
584,heihe,CN,2021-05-25 18:46:53,50.2441,127.4902,20,67,41.846000000000046,2.86
585,xai-xai,MZ,2021-05-25 18:46:53,-25.0519,33.6442,11,79,60.458000000000006,3.27
586,saint-francois,FR,2021-05-25 18:46:54,46.4154,3.9054,0,89,48.74000000000002,1.54
587,ust-kulom,RU,2021-05-25 18:46:54,61.6864,53.6902,100,93,48.650000000000006,3.26
